{
  "$schema": "https://schema.management.azure.com/schemas/2019-04-01/deploymentParameters.json#",
  "contentVersion": "1.0.0.0",
  "parameters": {
    "azureBotId": {
      "value": "DncengChatbotExplore24"
    },
    "azureBotSku": {
      "value": "S1"
    },
    "azureBotRegion": {
      "value": "global"
    },
    "botEndpoint": {
      "value": "https://Explore24Chatbot.azurewebsites.net/api/messages"
    },
    "appType": {
      "value": "UserAssignedMSI"
    },
    "appId": {
      "value": "ed9b4931-f097-4f9b-ae95-cec8c7f06dd8"
    },
    "UMSIName": {
      "value": "chatbot-identity"
    },
    "UMSIResourceGroupName": {
      "value": "cali-testingbot"
    },
    "tenantId": {
      "value": "72f988bf-86f1-41af-91ab-2d7cd011db47"
    }
  }
}