{
  "$schema": "https://schema.management.azure.com/schemas/2019-04-01/deploymentParameters.json#",
  "contentVersion": "1.0.0.0",
  "parameters": {
    "appServiceName": {
      "value": "Explore24Chatbot"
    },
    "existingAppServicePlanName": {
      "value": ""
    },
    "existingAppServicePlanLocation": {
      "value": ""
    },
    "newAppServicePlanName": {
      "value": "ChatbotServicePlan"
    },
    "newAppServicePlanLocation": {
      "value": "eastus"
    },
    "newAppServicePlanSku": {
      "value": {
        "name": "S1",
        "tier": "Standard",
        "size": "S1",
        "family": "S",
        "capacity": 1
      }
    },
    "appType": {
      "value": "UserAssignedMSI"
    },
    "appId": {
      "value": "ed9b4931-f097-4f9b-ae95-cec8c7f06dd8"
    },
    "appSecret": {
      "value": ""
    },
    "UMSIName": {
      "value": "chatbot-identity"
    },
    "UMSIResourceGroupName": {
      "value": "cali-testingbot"
    },
    "tenantId": {
      "value": "72f988bf-86f1-41af-91ab-2d7cd011db47"
    }
  }
}