{
  "$schema": "http://adaptivecards.io/schemas/adaptive-card.json",
  "type": "AdaptiveCard",
  "version": "1.0",
  "body": [
    {
      "type": "TextBlock",
      "text": "Have a nice day! Please submit feedback on your experience :)"
    },
    {
      "type": "Image",
      "url": "https://usercontent.one/wp/www.jennerstrand.se/wp-content/uploads/2021/09/net-maui-robot.png?media=1642677117"
    }
  ],
  "actions": [
    {
      "type": "Action.OpenUrl",
      "title": "Submit Feedback",
      "url": "https://forms.office.com/Pages/ResponsePage.aspx?id=v4j5cvGGr0GRqy180BHbRwfeCDgctwtPqxQiO7ke9V9UM0FBUDVXVzZLUzRHNDE5VTFXT1NUVVgwRi4u"
    }
  ]
}
